episode,episode_mean_reward,episode_total_reward
0,1.7,6.8
1,-2.0500000000000003,-16.400000000000002
2,5.0,5.0
3,1.95,5.85
4,1.95,5.85
5,5.0,5.0
6,1.7,6.8
7,-2.0500000000000003,-16.400000000000002
8,-2.0500000000000003,-16.400000000000002
9,-3.0500000000000003,-24.400000000000002
10,-2.0500000000000003,-16.400000000000002
11,-1.6749999999999998,-13.399999999999999
12,1.95,5.85
13,5.0,5.0
14,-3.0500000000000003,-24.400000000000002
15,-2.0500000000000003,-16.400000000000002
16,-2.0500000000000003,-16.400000000000002
17,-2.0500000000000003,-16.400000000000002
18,-3.0500000000000003,-24.400000000000002
19,-1.6749999999999998,-13.399999999999999
20,-3.0500000000000003,-24.400000000000002
21,1.95,5.85
22,-2.0500000000000003,-16.400000000000002
23,-3.0500000000000003,-24.400000000000002
24,1.95,5.85
25,-1.2999999999999998,-10.399999999999999
26,-2.0500000000000003,-16.400000000000002
27,-1.6749999999999998,-13.399999999999999
28,-2.0500000000000003,-16.400000000000002
29,-3.0500000000000003,-24.400000000000002
30,5.0,5.0
31,1.95,5.85
32,1.95,5.85
33,1.45,8.7
34,5.0,5.0
35,1.95,5.85
36,1.95,5.85
37,1.95,5.85
38,-3.0500000000000003,-24.400000000000002
39,-2.0500000000000003,-16.400000000000002
40,-1.6749999999999998,-13.399999999999999
41,-2.0500000000000003,-16.400000000000002
42,-3.0500000000000003,-24.400000000000002
43,-3.0500000000000003,-24.400000000000002
44,5.0,5.0
45,-0.5499999999999999,-4.3999999999999995
46,1.95,5.85
47,-2.0500000000000003,-16.400000000000002
48,-1.6749999999999998,-13.399999999999999
49,5.0,5.0
50,5.0,5.0
51,1.7,6.8
52,1.55,7.75
53,-1.2999999999999998,-10.399999999999999
54,5.0,5.0
55,-2.0500000000000003,-16.400000000000002
56,-1.6749999999999998,-13.399999999999999
57,-3.0500000000000003,-24.400000000000002
58,1.55,7.75
59,1.95,5.85
60,5.0,5.0
61,1.7,6.8
62,-3.0500000000000003,-24.400000000000002
63,-1.6749999999999998,-13.399999999999999
64,5.0,5.0
65,1.95,5.85
66,1.95,5.85
67,1.45,8.7
68,-2.0500000000000003,-16.400000000000002
69,-2.0500000000000003,-16.400000000000002
70,5.0,5.0
71,-3.0500000000000003,-24.400000000000002
72,-1.6749999999999998,-13.399999999999999
73,5.0,5.0
74,-2.0500000000000003,-16.400000000000002
75,1.95,5.85
76,-3.0500000000000003,-24.400000000000002
77,-2.0500000000000003,-16.400000000000002
78,-1.2999999999999998,-10.399999999999999
79,-2.0500000000000003,-16.400000000000002
80,-2.0500000000000003,-16.400000000000002
81,1.95,5.85
82,-2.0500000000000003,-16.400000000000002
83,-1.6749999999999998,-13.399999999999999
84,1.95,5.85
85,5.0,5.0
86,-2.0500000000000003,-16.400000000000002
87,-2.0500000000000003,-16.400000000000002
88,-2.0500000000000003,-16.400000000000002
89,-2.0500000000000003,-16.400000000000002
90,1.7,6.8
91,-2.0500000000000003,-16.400000000000002
92,1.3785714285714286,9.65
93,-1.6749999999999998,-13.399999999999999
94,-2.0500000000000003,-16.400000000000002
95,5.0,5.0
96,5.0,5.0
97,-2.0500000000000003,-16.400000000000002
98,1.95,5.85
99,-2.0500000000000003,-16.400000000000002
100,5.0,5.0
101,-2.0500000000000003,-16.400000000000002
102,5.0,5.0
103,-2.0500000000000003,-16.400000000000002
104,-3.0500000000000003,-24.400000000000002
105,-3.0500000000000003,-24.400000000000002
106,1.95,5.85
107,-3.0500000000000003,-24.400000000000002
108,5.0,5.0
109,-2.0500000000000003,-16.400000000000002
110,-2.0500000000000003,-16.400000000000002
111,-2.0500000000000003,-16.400000000000002
112,-2.0500000000000003,-16.400000000000002
113,5.0,5.0
114,-0.9249999999999999,-7.3999999999999995
115,-2.0500000000000003,-16.400000000000002
116,-2.0500000000000003,-16.400000000000002
117,-2.0500000000000003,-16.400000000000002
118,-2.0500000000000003,-16.400000000000002
119,-1.2999999999999998,-10.399999999999999
120,1.95,5.85
121,1.95,5.85
122,-3.0500000000000003,-24.400000000000002
123,-2.0500000000000003,-16.400000000000002
124,-2.0500000000000003,-16.400000000000002
125,-2.0500000000000003,-16.400000000000002
126,-3.0500000000000003,-24.400000000000002
127,5.0,5.0
128,-1.6749999999999998,-13.399999999999999
129,-2.0500000000000003,-16.400000000000002
130,-2.0500000000000003,-16.400000000000002
131,5.0,5.0
132,-2.0500000000000003,-16.400000000000002
133,1.95,5.85
134,-2.0500000000000003,-16.400000000000002
135,-3.0500000000000003,-24.400000000000002
136,-2.0500000000000003,-16.400000000000002
137,-2.0500000000000003,-16.400000000000002
138,5.0,5.0
139,-2.0500000000000003,-16.400000000000002
140,1.45,8.7
141,1.95,5.85
142,5.0,5.0
143,-2.0500000000000003,-16.400000000000002
144,-1.2999999999999998,-10.399999999999999
145,-2.0500000000000003,-16.400000000000002
146,-3.0500000000000003,-24.400000000000002
147,5.0,5.0
148,-3.0500000000000003,-24.400000000000002
149,-2.0500000000000003,-16.400000000000002
150,1.95,5.85
151,5.0,5.0
152,-2.0500000000000003,-16.400000000000002
153,-2.0500000000000003,-16.400000000000002
154,1.3250000000000002,10.600000000000001
155,-2.0500000000000003,-16.400000000000002
156,1.7,6.8
157,-2.0500000000000003,-16.400000000000002
158,-2.0500000000000003,-16.400000000000002
159,1.95,5.85
160,1.95,5.85
161,-1.2999999999999998,-10.399999999999999
162,1.95,5.85
163,-3.0500000000000003,-24.400000000000002
164,-2.0500000000000003,-16.400000000000002
165,-2.0500000000000003,-16.400000000000002
166,5.0,5.0
167,-2.0500000000000003,-16.400000000000002
168,-2.0500000000000003,-16.400000000000002
169,5.0,5.0
170,-0.9249999999999999,-7.3999999999999995
171,-2.0500000000000003,-16.400000000000002
172,1.95,5.85
173,-3.0500000000000003,-24.400000000000002
174,-2.0500000000000003,-16.400000000000002
175,1.95,5.85
176,5.0,5.0
177,-2.0500000000000003,-16.400000000000002
178,-3.0500000000000003,-24.400000000000002
179,-1.6749999999999998,-13.399999999999999
180,-2.0500000000000003,-16.400000000000002
181,-1.6749999999999998,-13.399999999999999
182,-2.0500000000000003,-16.400000000000002
183,-3.0500000000000003,-24.400000000000002
184,-2.0500000000000003,-16.400000000000002
185,-2.0500000000000003,-16.400000000000002
186,1.95,5.85
187,-2.0500000000000003,-16.400000000000002
188,1.95,5.85
189,5.0,5.0
190,1.7,6.8
191,-3.0500000000000003,-24.400000000000002
192,5.0,5.0
193,1.7,6.8
194,-0.9249999999999999,-7.3999999999999995
195,1.95,5.85
196,-2.0500000000000003,-16.400000000000002
197,5.0,5.0
198,1.95,5.85
199,-2.0500000000000003,-16.400000000000002
200,1.3785714285714286,9.65
201,5.0,5.0
202,-3.0500000000000003,-24.400000000000002
203,1.95,5.85
204,-2.0500000000000003,-16.400000000000002
205,-2.0500000000000003,-16.400000000000002
206,-2.0500000000000003,-16.400000000000002
207,-1.6749999999999998,-13.399999999999999
208,-1.2999999999999998,-10.399999999999999
209,1.7,6.8
210,-2.0500000000000003,-16.400000000000002
211,-2.0500000000000003,-16.400000000000002
212,-3.0500000000000003,-24.400000000000002
213,1.3250000000000002,10.600000000000001
214,-2.0500000000000003,-16.400000000000002
215,1.95,5.85
216,1.3250000000000002,10.600000000000001
217,-3.0500000000000003,-24.400000000000002
218,1.7,6.8
219,-2.0500000000000003,-16.400000000000002
220,-1.6749999999999998,-13.399999999999999
221,-2.0500000000000003,-16.400000000000002
222,-3.0500000000000003,-24.400000000000002
223,-2.0500000000000003,-16.400000000000002
224,-3.0500000000000003,-24.400000000000002
225,-3.0500000000000003,-24.400000000000002
226,5.0,5.0
227,-2.0500000000000003,-16.400000000000002
228,1.3250000000000002,10.600000000000001
229,-2.0500000000000003,-16.400000000000002
230,-2.0500000000000003,-16.400000000000002
231,1.7,6.8
232,-3.0500000000000003,-24.400000000000002
233,-2.0500000000000003,-16.400000000000002
234,-1.6749999999999998,-13.399999999999999
235,-2.0500000000000003,-16.400000000000002
236,-2.0500000000000003,-16.400000000000002
237,-2.0500000000000003,-16.400000000000002
238,-3.0500000000000003,-24.400000000000002
239,-2.0500000000000003,-16.400000000000002
240,1.95,5.85
241,5.0,5.0
242,-2.0500000000000003,-16.400000000000002
243,-1.2999999999999998,-10.399999999999999
244,1.95,5.85
245,5.0,5.0
246,1.95,5.85
247,1.7,6.8
248,5.0,5.0
249,-2.0500000000000003,-16.400000000000002
250,-2.0500000000000003,-16.400000000000002
251,-3.0500000000000003,-24.400000000000002
252,-3.0500000000000003,-24.400000000000002
253,1.7,6.8
254,-2.0500000000000003,-16.400000000000002
255,-1.2999999999999998,-10.399999999999999
256,1.7,6.8
257,-2.0500000000000003,-16.400000000000002
258,-3.0500000000000003,-24.400000000000002
259,-2.0500000000000003,-16.400000000000002
260,-2.0500000000000003,-16.400000000000002
261,1.7,6.8
262,5.0,5.0
263,1.55,7.75
264,-0.9249999999999999,-7.3999999999999995
265,1.95,5.85
266,1.55,7.75
267,5.0,5.0
268,-3.0500000000000003,-24.400000000000002
269,-2.0500000000000003,-16.400000000000002
270,1.45,8.7
271,-2.0500000000000003,-16.400000000000002
272,1.95,5.85
273,-2.0500000000000003,-16.400000000000002
274,-3.0500000000000003,-24.400000000000002
275,-2.0500000000000003,-16.400000000000002
276,-2.0500000000000003,-16.400000000000002
277,-2.0500000000000003,-16.400000000000002
278,-2.0500000000000003,-16.400000000000002
279,1.95,5.85
280,-2.0500000000000003,-16.400000000000002
281,1.95,5.85
282,-2.0500000000000003,-16.400000000000002
283,-3.0500000000000003,-24.400000000000002
284,1.95,5.85
285,-2.0500000000000003,-16.400000000000002
286,-2.0500000000000003,-16.400000000000002
287,-2.0500000000000003,-16.400000000000002
288,-2.0500000000000003,-16.400000000000002
289,-2.0500000000000003,-16.400000000000002
290,1.95,5.85
291,-2.0500000000000003,-16.400000000000002
292,-2.0500000000000003,-16.400000000000002
293,1.3785714285714286,9.65
294,-3.0500000000000003,-24.400000000000002
295,-1.2999999999999998,-10.399999999999999
296,5.0,5.0
297,1.95,5.85
298,1.7,6.8
299,-2.0500000000000003,-16.400000000000002
300,-3.0500000000000003,-24.400000000000002
301,-2.0500000000000003,-16.400000000000002
302,-2.0500000000000003,-16.400000000000002
303,-2.0500000000000003,-16.400000000000002
304,1.55,7.75
305,5.0,5.0
306,-3.0500000000000003,-24.400000000000002
307,-3.0500000000000003,-24.400000000000002
308,-2.0500000000000003,-16.400000000000002
309,-2.0500000000000003,-16.400000000000002
310,-2.0500000000000003,-16.400000000000002
311,-3.0500000000000003,-24.400000000000002
312,-2.0500000000000003,-16.400000000000002
313,-2.0500000000000003,-16.400000000000002
314,-2.0500000000000003,-16.400000000000002
315,-2.0500000000000003,-16.400000000000002
316,-2.0500000000000003,-16.400000000000002
317,-2.0500000000000003,-16.400000000000002
318,-2.0500000000000003,-16.400000000000002
319,-2.0500000000000003,-16.400000000000002
320,-3.0500000000000003,-24.400000000000002
321,1.95,5.85
322,1.95,5.85
323,-2.0500000000000003,-16.400000000000002
324,-3.0500000000000003,-24.400000000000002
325,-2.0500000000000003,-16.400000000000002
326,1.95,5.85
327,5.0,5.0
328,-3.0500000000000003,-24.400000000000002
329,1.7,6.8
330,-2.0500000000000003,-16.400000000000002
331,-2.0500000000000003,-16.400000000000002
332,1.95,5.85
333,-2.0500000000000003,-16.400000000000002
334,-2.0500000000000003,-16.400000000000002
335,-3.0500000000000003,-24.400000000000002
336,-3.0500000000000003,-24.400000000000002
337,5.0,5.0
338,-2.0500000000000003,-16.400000000000002
339,5.0,5.0
340,-3.0500000000000003,-24.400000000000002
341,-2.0500000000000003,-16.400000000000002
342,-3.0500000000000003,-24.400000000000002
343,-3.0500000000000003,-24.400000000000002
344,-2.0500000000000003,-16.400000000000002
345,1.7,6.8
346,5.0,5.0
347,-2.0500000000000003,-16.400000000000002
348,1.95,5.85
349,-2.0500000000000003,-16.400000000000002
350,1.7,6.8
351,1.95,5.85
352,-0.17499999999999993,-1.3999999999999995
353,-3.0500000000000003,-24.400000000000002
354,-2.0500000000000003,-16.400000000000002
355,-2.0500000000000003,-16.400000000000002
356,-2.0500000000000003,-16.400000000000002
357,-3.0500000000000003,-24.400000000000002
358,5.0,5.0
359,5.0,5.0
360,1.95,5.85
361,1.95,5.85
362,-2.0500000000000003,-16.400000000000002
363,-3.0500000000000003,-24.400000000000002
364,-2.0500000000000003,-16.400000000000002
365,5.0,5.0
366,-1.6749999999999998,-13.399999999999999
367,-2.0500000000000003,-16.400000000000002
368,-2.0500000000000003,-16.400000000000002
369,-2.0500000000000003,-16.400000000000002
370,5.0,5.0
371,-2.0500000000000003,-16.400000000000002
372,-2.0500000000000003,-16.400000000000002
373,-2.0500000000000003,-16.400000000000002
374,-2.0500000000000003,-16.400000000000002
375,-2.0500000000000003,-16.400000000000002
376,1.3785714285714286,9.65
377,-2.0500000000000003,-16.400000000000002
378,1.95,5.85
379,-3.0500000000000003,-24.400000000000002
380,-1.2999999999999998,-10.399999999999999
381,1.95,5.85
382,-2.0500000000000003,-16.400000000000002
383,-2.0500000000000003,-16.400000000000002
384,1.95,5.85
385,-2.0500000000000003,-16.400000000000002
386,1.95,5.85
387,5.0,5.0
388,-2.0500000000000003,-16.400000000000002
389,-1.2999999999999998,-10.399999999999999
390,-2.0500000000000003,-16.400000000000002
391,-1.2999999999999998,-10.399999999999999
392,-1.6749999999999998,-13.399999999999999
393,1.3785714285714286,9.65
394,-2.0500000000000003,-16.400000000000002
395,1.7,6.8
396,-1.2999999999999998,-10.399999999999999
397,1.95,5.85
398,5.0,5.0
399,1.95,5.85
400,1.55,7.75
401,-2.0500000000000003,-16.400000000000002
402,-2.0500000000000003,-16.400000000000002
403,-0.5499999999999999,-4.3999999999999995
404,5.0,5.0
405,-1.6749999999999998,-13.399999999999999
406,1.95,5.85
407,-2.0500000000000003,-16.400000000000002
408,-0.9249999999999999,-7.3999999999999995
409,-3.0500000000000003,-24.400000000000002
410,-2.0500000000000003,-16.400000000000002
411,-2.0500000000000003,-16.400000000000002
412,-1.2999999999999998,-10.399999999999999
413,-2.0500000000000003,-16.400000000000002
414,-3.0500000000000003,-24.400000000000002
415,-2.0500000000000003,-16.400000000000002
416,-2.0500000000000003,-16.400000000000002
417,1.95,5.85
418,-2.0500000000000003,-16.400000000000002
419,5.0,5.0
420,1.95,5.85
421,-2.0500000000000003,-16.400000000000002
422,-2.0500000000000003,-16.400000000000002
423,-2.0500000000000003,-16.400000000000002
424,1.95,5.85
425,-1.6749999999999998,-13.399999999999999
426,-2.0500000000000003,-16.400000000000002
427,-2.0500000000000003,-16.400000000000002
428,-2.0500000000000003,-16.400000000000002
429,-2.0500000000000003,-16.400000000000002
430,1.95,5.85
431,1.95,5.85
432,-2.0500000000000003,-16.400000000000002
433,-2.0500000000000003,-16.400000000000002
434,-3.0500000000000003,-24.400000000000002
435,-2.0500000000000003,-16.400000000000002
436,5.0,5.0
437,-1.2999999999999998,-10.399999999999999
438,1.7,6.8
439,-2.0500000000000003,-16.400000000000002
440,-2.0500000000000003,-16.400000000000002
441,5.0,5.0
442,1.95,5.85
443,-2.0500000000000003,-16.400000000000002
444,1.7,6.8
445,-2.0500000000000003,-16.400000000000002
446,1.95,5.85
447,-1.6749999999999998,-13.399999999999999
448,-2.0500000000000003,-16.400000000000002
449,-2.0500000000000003,-16.400000000000002
450,1.95,5.85
451,5.0,5.0
452,-2.0500000000000003,-16.400000000000002
453,-2.0500000000000003,-16.400000000000002
454,1.95,5.85
455,1.95,5.85
456,-2.0500000000000003,-16.400000000000002
457,-2.0500000000000003,-16.400000000000002
458,-2.0500000000000003,-16.400000000000002
459,-2.0500000000000003,-16.400000000000002
460,-2.0500000000000003,-16.400000000000002
461,-3.0500000000000003,-24.400000000000002
462,5.0,5.0
463,1.7,6.8
464,-2.0500000000000003,-16.400000000000002
465,-2.0500000000000003,-16.400000000000002
466,1.95,5.85
467,1.95,5.85
468,-1.6749999999999998,-13.399999999999999
469,1.55,7.75
470,-2.0500000000000003,-16.400000000000002
471,1.7,6.8
472,-2.0500000000000003,-16.400000000000002
473,-2.0500000000000003,-16.400000000000002
474,5.0,5.0
475,0.20000000000000007,1.6000000000000005
476,-2.0500000000000003,-16.400000000000002
477,-2.0500000000000003,-16.400000000000002
478,1.3250000000000002,10.600000000000001
479,-2.0500000000000003,-16.400000000000002
480,-2.0500000000000003,-16.400000000000002
481,5.0,5.0
482,1.95,5.85
483,-1.6749999999999998,-13.399999999999999
484,-1.2999999999999998,-10.399999999999999
485,-1.2999999999999998,-10.399999999999999
486,1.95,5.85
487,-2.0500000000000003,-16.400000000000002
488,-2.0500000000000003,-16.400000000000002
489,-2.0500000000000003,-16.400000000000002
490,-2.0500000000000003,-16.400000000000002
491,1.95,5.85
492,-2.0500000000000003,-16.400000000000002
493,5.0,5.0
494,-3.0500000000000003,-24.400000000000002
495,5.0,5.0
496,-2.0500000000000003,-16.400000000000002
497,1.7,6.8
498,-2.0500000000000003,-16.400000000000002
499,1.95,5.85
500,-2.0500000000000003,-16.400000000000002
501,-2.0500000000000003,-16.400000000000002
502,-1.6749999999999998,-13.399999999999999
503,-2.0500000000000003,-16.400000000000002
504,1.95,5.85
505,-0.17499999999999993,-1.3999999999999995
506,1.95,5.85
507,1.55,7.75
508,-2.0500000000000003,-16.400000000000002
509,1.95,5.85
510,1.7,6.8
511,1.7,6.8
512,-3.0500000000000003,-24.400000000000002
513,-2.0500000000000003,-16.400000000000002
514,-2.0500000000000003,-16.400000000000002
515,1.95,5.85
516,-2.0500000000000003,-16.400000000000002
517,1.7,6.8
518,1.95,5.85
519,5.0,5.0
520,1.95,5.85
521,-1.6749999999999998,-13.399999999999999
522,-2.0500000000000003,-16.400000000000002
523,-2.0500000000000003,-16.400000000000002
524,1.95,5.85
525,-2.0500000000000003,-16.400000000000002
526,-1.6749999999999998,-13.399999999999999
527,5.0,5.0
528,1.95,5.85
529,-3.0500000000000003,-24.400000000000002
530,-2.0500000000000003,-16.400000000000002
531,-2.0500000000000003,-16.400000000000002
532,1.95,5.85
533,-2.0500000000000003,-16.400000000000002
534,1.95,5.85
535,1.3250000000000002,10.600000000000001
536,-2.0500000000000003,-16.400000000000002
537,1.95,5.85
538,-2.0500000000000003,-16.400000000000002
539,1.95,5.85
540,-2.0500000000000003,-16.400000000000002
541,1.95,5.85
542,-2.0500000000000003,-16.400000000000002
543,-2.0500000000000003,-16.400000000000002
544,-0.17499999999999993,-1.3999999999999995
545,1.95,5.85
546,-2.0500000000000003,-16.400000000000002
547,-2.0500000000000003,-16.400000000000002
548,5.0,5.0
549,-1.6749999999999998,-13.399999999999999
550,-2.0500000000000003,-16.400000000000002
551,-2.0500000000000003,-16.400000000000002
552,-2.0500000000000003,-16.400000000000002
553,1.55,7.75
554,-2.0500000000000003,-16.400000000000002
555,-3.0500000000000003,-24.400000000000002
556,1.95,5.85
557,-1.6749999999999998,-13.399999999999999
558,-2.0500000000000003,-16.400000000000002
559,-2.0500000000000003,-16.400000000000002
560,-2.0500000000000003,-16.400000000000002
561,5.0,5.0
562,-2.0500000000000003,-16.400000000000002
563,5.0,5.0
564,1.3785714285714286,9.65
565,1.55,7.75
566,1.7,6.8
567,-2.0500000000000003,-16.400000000000002
568,1.7,6.8
569,-2.0500000000000003,-16.400000000000002
570,5.0,5.0
571,-2.0500000000000003,-16.400000000000002
572,-1.6749999999999998,-13.399999999999999
573,1.7,6.8
574,-3.0500000000000003,-24.400000000000002
575,1.95,5.85
576,-2.0500000000000003,-16.400000000000002
577,-2.0500000000000003,-16.400000000000002
578,-2.0500000000000003,-16.400000000000002
579,-2.0500000000000003,-16.400000000000002
580,-2.0500000000000003,-16.400000000000002
581,-2.0500000000000003,-16.400000000000002
582,-3.0500000000000003,-24.400000000000002
583,-2.0500000000000003,-16.400000000000002
584,-3.0500000000000003,-24.400000000000002
585,5.0,5.0
586,1.7,6.8
587,5.0,5.0
588,-2.0500000000000003,-16.400000000000002
589,1.95,5.85
590,-2.0500000000000003,-16.400000000000002
591,-2.0500000000000003,-16.400000000000002
592,1.95,5.85
593,-3.0500000000000003,-24.400000000000002
594,-2.0500000000000003,-16.400000000000002
595,5.0,5.0
596,-2.0500000000000003,-16.400000000000002
597,-3.0500000000000003,-24.400000000000002
598,-2.0500000000000003,-16.400000000000002
599,-3.0500000000000003,-24.400000000000002
600,-1.2999999999999998,-10.399999999999999
601,-3.0500000000000003,-24.400000000000002
602,-2.0500000000000003,-16.400000000000002
603,-2.0500000000000003,-16.400000000000002
604,5.0,5.0
605,-2.0500000000000003,-16.400000000000002
606,-2.0500000000000003,-16.400000000000002
607,-1.2999999999999998,-10.399999999999999
608,5.0,5.0
609,-2.0500000000000003,-16.400000000000002
610,-2.0500000000000003,-16.400000000000002
611,5.0,5.0
612,-2.0500000000000003,-16.400000000000002
613,1.7,6.8
614,-2.0500000000000003,-16.400000000000002
615,-2.0500000000000003,-16.400000000000002
616,1.55,7.75
617,-2.0500000000000003,-16.400000000000002
618,-2.0500000000000003,-16.400000000000002
619,5.0,5.0
620,5.0,5.0
621,-1.6749999999999998,-13.399999999999999
622,1.95,5.85
623,1.95,5.85
624,5.0,5.0
625,-3.0500000000000003,-24.400000000000002
626,-1.6749999999999998,-13.399999999999999
627,-3.0500000000000003,-24.400000000000002
628,-2.0500000000000003,-16.400000000000002
629,-3.0500000000000003,-24.400000000000002
630,-2.0500000000000003,-16.400000000000002
631,-2.0500000000000003,-16.400000000000002
632,-2.0500000000000003,-16.400000000000002
633,-3.0500000000000003,-24.400000000000002
634,-2.0500000000000003,-16.400000000000002
635,-2.0500000000000003,-16.400000000000002
636,5.0,5.0
637,-2.0500000000000003,-16.400000000000002
638,5.0,5.0
639,-2.0500000000000003,-16.400000000000002
640,5.0,5.0
641,1.95,5.85
642,-2.0500000000000003,-16.400000000000002
643,-2.0500000000000003,-16.400000000000002
644,5.0,5.0
645,-2.0500000000000003,-16.400000000000002
646,-3.0500000000000003,-24.400000000000002
647,-2.0500000000000003,-16.400000000000002
648,-2.0500000000000003,-16.400000000000002
649,-2.0500000000000003,-16.400000000000002
650,-2.0500000000000003,-16.400000000000002
651,-3.0500000000000003,-24.400000000000002
652,-2.0500000000000003,-16.400000000000002
653,-1.6749999999999998,-13.399999999999999
654,-3.0500000000000003,-24.400000000000002
655,-2.0500000000000003,-16.400000000000002
656,1.95,5.85
657,1.95,5.85
658,5.0,5.0
659,-1.2999999999999998,-10.399999999999999
660,-1.6749999999999998,-13.399999999999999
661,-2.0500000000000003,-16.400000000000002
662,-2.0500000000000003,-16.400000000000002
663,5.0,5.0
664,5.0,5.0
665,1.95,5.85
666,-2.0500000000000003,-16.400000000000002
667,-3.0500000000000003,-24.400000000000002
668,-1.2999999999999998,-10.399999999999999
669,-0.9249999999999999,-7.3999999999999995
670,1.95,5.85
671,1.95,5.85
672,-2.0500000000000003,-16.400000000000002
673,-2.0500000000000003,-16.400000000000002
674,1.55,7.75
675,1.95,5.85
676,-0.9249999999999999,-7.3999999999999995
677,5.0,5.0
678,1.95,5.85
679,-2.0500000000000003,-16.400000000000002
680,1.7,6.8
681,-2.0500000000000003,-16.400000000000002
682,-2.0500000000000003,-16.400000000000002
683,1.95,5.85
684,-2.0500000000000003,-16.400000000000002
685,-2.0500000000000003,-16.400000000000002
686,5.0,5.0
687,5.0,5.0
688,5.0,5.0
689,-2.0500000000000003,-16.400000000000002
690,-2.0500000000000003,-16.400000000000002
691,1.7,6.8
692,1.7,6.8
693,5.0,5.0
694,5.0,5.0
695,1.95,5.85
696,1.7,6.8
697,-2.0500000000000003,-16.400000000000002
698,-2.0500000000000003,-16.400000000000002
699,1.7,6.8
700,-3.0500000000000003,-24.400000000000002
701,-0.9249999999999999,-7.3999999999999995
702,1.95,5.85
703,-2.0500000000000003,-16.400000000000002
704,5.0,5.0
705,5.0,5.0
706,1.7,6.8
707,-3.0500000000000003,-24.400000000000002
708,-3.0500000000000003,-24.400000000000002
709,-2.0500000000000003,-16.400000000000002
710,-2.0500000000000003,-16.400000000000002
711,-2.0500000000000003,-16.400000000000002
712,5.0,5.0
713,-2.0500000000000003,-16.400000000000002
714,-1.6749999999999998,-13.399999999999999
715,-3.0500000000000003,-24.400000000000002
716,5.0,5.0
717,5.0,5.0
718,1.95,5.85
719,5.0,5.0
720,-3.0500000000000003,-24.400000000000002
721,-2.0500000000000003,-16.400000000000002
722,1.55,7.75
723,-2.0500000000000003,-16.400000000000002
724,-2.0500000000000003,-16.400000000000002
725,1.7,6.8
726,-2.0500000000000003,-16.400000000000002
727,-2.0500000000000003,-16.400000000000002
728,1.95,5.85
729,-3.0500000000000003,-24.400000000000002
730,5.0,5.0
731,1.7,6.8
732,-3.0500000000000003,-24.400000000000002
733,-2.0500000000000003,-16.400000000000002
734,-2.0500000000000003,-16.400000000000002
735,-3.0500000000000003,-24.400000000000002
736,-2.0500000000000003,-16.400000000000002
737,5.0,5.0
738,-2.0500000000000003,-16.400000000000002
739,5.0,5.0
740,-2.0500000000000003,-16.400000000000002
741,5.0,5.0
742,1.95,5.85
743,5.0,5.0
744,-3.0500000000000003,-24.400000000000002
745,-3.0500000000000003,-24.400000000000002
746,1.95,5.85
747,1.95,5.85
748,-2.0500000000000003,-16.400000000000002
749,-1.6749999999999998,-13.399999999999999
750,1.95,5.85
751,-2.0500000000000003,-16.400000000000002
752,-2.0500000000000003,-16.400000000000002
753,-2.0500000000000003,-16.400000000000002
754,1.3785714285714286,9.65
755,1.95,5.85
756,5.0,5.0
757,5.0,5.0
758,1.95,5.85
759,-2.0500000000000003,-16.400000000000002
760,1.95,5.85
761,-2.0500000000000003,-16.400000000000002
762,-2.0500000000000003,-16.400000000000002
763,1.95,5.85
764,5.0,5.0
765,1.95,5.85
766,-2.0500000000000003,-16.400000000000002
767,-3.0500000000000003,-24.400000000000002
768,1.95,5.85
769,-2.0500000000000003,-16.400000000000002
770,1.7,6.8
771,1.45,8.7
772,-2.0500000000000003,-16.400000000000002
773,5.0,5.0
774,1.55,7.75
775,-0.9249999999999999,-7.3999999999999995
776,-2.0500000000000003,-16.400000000000002
777,-2.0500000000000003,-16.400000000000002
778,1.45,8.7
779,-2.0500000000000003,-16.400000000000002
780,-2.0500000000000003,-16.400000000000002
781,-2.0500000000000003,-16.400000000000002
782,-2.0500000000000003,-16.400000000000002
783,-3.0500000000000003,-24.400000000000002
784,1.95,5.85
785,-2.0500000000000003,-16.400000000000002
786,-2.0500000000000003,-16.400000000000002
787,-1.2999999999999998,-10.399999999999999
788,-2.0500000000000003,-16.400000000000002
789,-1.6749999999999998,-13.399999999999999
790,-2.0500000000000003,-16.400000000000002
791,-2.0500000000000003,-16.400000000000002
792,-2.0500000000000003,-16.400000000000002
793,-3.0500000000000003,-24.400000000000002
794,-2.0500000000000003,-16.400000000000002
795,1.95,5.85
796,1.7,6.8
797,-0.9249999999999999,-7.3999999999999995
798,1.55,7.75
799,5.0,5.0
800,-2.0500000000000003,-16.400000000000002
801,5.0,5.0
802,1.95,5.85
803,1.95,5.85
804,-2.0500000000000003,-16.400000000000002
805,-2.0500000000000003,-16.400000000000002
806,-2.0500000000000003,-16.400000000000002
807,1.95,5.85
808,5.0,5.0
809,-2.0500000000000003,-16.400000000000002
810,1.55,7.75
811,-3.0500000000000003,-24.400000000000002
812,5.0,5.0
813,1.95,5.85
814,-2.0500000000000003,-16.400000000000002
815,-2.0500000000000003,-16.400000000000002
816,-3.0500000000000003,-24.400000000000002
817,5.0,5.0
818,-2.0500000000000003,-16.400000000000002
819,-2.0500000000000003,-16.400000000000002
820,-2.0500000000000003,-16.400000000000002
821,-1.6749999999999998,-13.399999999999999
822,-2.0500000000000003,-16.400000000000002
823,-2.0500000000000003,-16.400000000000002
824,-2.0500000000000003,-16.400000000000002
825,1.7,6.8
826,-1.6749999999999998,-13.399999999999999
827,1.45,8.7
828,1.7,6.8
829,-2.0500000000000003,-16.400000000000002
830,-3.0500000000000003,-24.400000000000002
831,1.55,7.75
832,-3.0500000000000003,-24.400000000000002
833,1.55,7.75
834,-2.0500000000000003,-16.400000000000002
835,1.7,6.8
836,-2.0500000000000003,-16.400000000000002
837,5.0,5.0
838,-2.0500000000000003,-16.400000000000002
839,-3.0500000000000003,-24.400000000000002
840,-1.2999999999999998,-10.399999999999999
841,5.0,5.0
842,5.0,5.0
843,-2.0500000000000003,-16.400000000000002
844,5.0,5.0
845,-3.0500000000000003,-24.400000000000002
846,-3.0500000000000003,-24.400000000000002
847,1.95,5.85
848,1.95,5.85
849,-2.0500000000000003,-16.400000000000002
850,-3.0500000000000003,-24.400000000000002
851,1.7,6.8
852,1.95,5.85
853,-3.0500000000000003,-24.400000000000002
854,-2.0500000000000003,-16.400000000000002
855,-1.2999999999999998,-10.399999999999999
856,1.95,5.85
857,-3.0500000000000003,-24.400000000000002
858,-2.0500000000000003,-16.400000000000002
859,-2.0500000000000003,-16.400000000000002
860,5.0,5.0
861,-3.0500000000000003,-24.400000000000002
862,1.7,6.8
863,1.95,5.85
864,-2.0500000000000003,-16.400000000000002
865,-3.0500000000000003,-24.400000000000002
866,-3.0500000000000003,-24.400000000000002
867,-2.0500000000000003,-16.400000000000002
868,-2.0500000000000003,-16.400000000000002
869,-1.6749999999999998,-13.399999999999999
870,-1.6749999999999998,-13.399999999999999
871,-1.6749999999999998,-13.399999999999999
872,-2.0500000000000003,-16.400000000000002
873,1.95,5.85
874,-2.0500000000000003,-16.400000000000002
875,5.0,5.0
876,1.55,7.75
877,-2.0500000000000003,-16.400000000000002
878,1.95,5.85
879,1.7,6.8
880,1.7,6.8
881,5.0,5.0
882,-2.0500000000000003,-16.400000000000002
883,-3.0500000000000003,-24.400000000000002
884,-2.0500000000000003,-16.400000000000002
885,-1.6749999999999998,-13.399999999999999
886,-0.9249999999999999,-7.3999999999999995
887,-3.0500000000000003,-24.400000000000002
888,5.0,5.0
889,-2.0500000000000003,-16.400000000000002
890,1.7,6.8
891,1.95,5.85
892,-2.0500000000000003,-16.400000000000002
893,1.7,6.8
894,-2.0500000000000003,-16.400000000000002
895,5.0,5.0
896,1.55,7.75
897,5.0,5.0
898,-3.0500000000000003,-24.400000000000002
899,-2.0500000000000003,-16.400000000000002
900,1.7,6.8
901,1.95,5.85
902,-2.0500000000000003,-16.400000000000002
903,1.95,5.85
904,-1.6749999999999998,-13.399999999999999
905,-1.6749999999999998,-13.399999999999999
906,-2.0500000000000003,-16.400000000000002
907,-3.0500000000000003,-24.400000000000002
908,5.0,5.0
909,-2.0500000000000003,-16.400000000000002
910,5.0,5.0
911,5.0,5.0
912,5.0,5.0
913,-3.0500000000000003,-24.400000000000002
914,1.95,5.85
915,-2.0500000000000003,-16.400000000000002
916,-1.6749999999999998,-13.399999999999999
917,-1.2999999999999998,-10.399999999999999
918,5.0,5.0
919,-2.0500000000000003,-16.400000000000002
920,-2.0500000000000003,-16.400000000000002
921,-2.0500000000000003,-16.400000000000002
922,-3.0500000000000003,-24.400000000000002
923,-2.0500000000000003,-16.400000000000002
924,-2.0500000000000003,-16.400000000000002
925,5.0,5.0
926,5.0,5.0
927,1.95,5.85
928,-2.0500000000000003,-16.400000000000002
929,-2.0500000000000003,-16.400000000000002
930,1.95,5.85
931,5.0,5.0
932,1.7,6.8
933,-3.0500000000000003,-24.400000000000002
934,-2.0500000000000003,-16.400000000000002
935,1.7,6.8
936,-2.0500000000000003,-16.400000000000002
937,1.95,5.85
938,1.95,5.85
939,1.95,5.85
940,-2.0500000000000003,-16.400000000000002
941,-2.0500000000000003,-16.400000000000002
942,-2.0500000000000003,-16.400000000000002
943,-0.9249999999999999,-7.3999999999999995
944,-1.2999999999999998,-10.399999999999999
945,1.95,5.85
946,-3.0500000000000003,-24.400000000000002
947,1.95,5.85
948,5.0,5.0
949,-3.0500000000000003,-24.400000000000002
950,5.0,5.0
951,-2.0500000000000003,-16.400000000000002
952,-2.0500000000000003,-16.400000000000002
953,-1.6749999999999998,-13.399999999999999
954,-3.0500000000000003,-24.400000000000002
955,1.7,6.8
956,-3.0500000000000003,-24.400000000000002
957,-2.0500000000000003,-16.400000000000002
958,-3.0500000000000003,-24.400000000000002
959,-2.0500000000000003,-16.400000000000002
960,-2.0500000000000003,-16.400000000000002
961,1.3785714285714286,9.65
962,1.95,5.85
963,-2.0500000000000003,-16.400000000000002
964,-2.0500000000000003,-16.400000000000002
965,-1.2999999999999998,-10.399999999999999
966,-2.0500000000000003,-16.400000000000002
967,-2.0500000000000003,-16.400000000000002
968,-2.0500000000000003,-16.400000000000002
969,1.55,7.75
970,-2.0500000000000003,-16.400000000000002
971,-2.0500000000000003,-16.400000000000002
972,5.0,5.0
973,-2.0500000000000003,-16.400000000000002
974,-2.0500000000000003,-16.400000000000002
975,-2.0500000000000003,-16.400000000000002
976,-2.0500000000000003,-16.400000000000002
977,5.0,5.0
978,5.0,5.0
979,-3.0500000000000003,-24.400000000000002
980,-3.0500000000000003,-24.400000000000002
981,1.7,6.8
982,1.95,5.85
983,-3.0500000000000003,-24.400000000000002
984,5.0,5.0
985,1.95,5.85
986,-2.0500000000000003,-16.400000000000002
987,-2.0500000000000003,-16.400000000000002
988,-2.0500000000000003,-16.400000000000002
989,-3.0500000000000003,-24.400000000000002
990,-2.0500000000000003,-16.400000000000002
991,-1.2999999999999998,-10.399999999999999
992,5.0,5.0
993,-2.0500000000000003,-16.400000000000002
994,-2.0500000000000003,-16.400000000000002
995,-2.0500000000000003,-16.400000000000002
996,-2.0500000000000003,-16.400000000000002
997,5.0,5.0
998,-2.0500000000000003,-16.400000000000002
999,-2.0500000000000003,-16.400000000000002
1000,-2.0500000000000003,-16.400000000000002
1001,5.0,5.0
1002,5.0,5.0
1003,-2.0500000000000003,-16.400000000000002
1004,1.55,7.75
1005,5.0,5.0
1006,-2.0500000000000003,-16.400000000000002
1007,-2.0500000000000003,-16.400000000000002
1008,-2.0500000000000003,-16.400000000000002
1009,-2.0500000000000003,-16.400000000000002
1010,1.45,8.7
1011,-2.0500000000000003,-16.400000000000002
1012,5.0,5.0
1013,-2.0500000000000003,-16.400000000000002
1014,-2.0500000000000003,-16.400000000000002
1015,-2.0500000000000003,-16.400000000000002
1016,-2.0500000000000003,-16.400000000000002
1017,-2.0500000000000003,-16.400000000000002
1018,-3.0500000000000003,-24.400000000000002
1019,-2.0500000000000003,-16.400000000000002
1020,-2.0500000000000003,-16.400000000000002
1021,1.45,8.7
1022,-2.0500000000000003,-16.400000000000002
1023,1.95,5.85
1024,1.95,5.85
1025,-3.0500000000000003,-24.400000000000002
1026,5.0,5.0
1027,-3.0500000000000003,-24.400000000000002
1028,-2.0500000000000003,-16.400000000000002
1029,-2.0500000000000003,-16.400000000000002
1030,5.0,5.0
1031,-2.0500000000000003,-16.400000000000002
1032,1.7,6.8
1033,-2.0500000000000003,-16.400000000000002
1034,-2.0500000000000003,-16.400000000000002
1035,-2.0500000000000003,-16.400000000000002
1036,1.55,7.75
1037,-3.0500000000000003,-24.400000000000002
1038,-2.0500000000000003,-16.400000000000002
1039,-2.0500000000000003,-16.400000000000002
1040,5.0,5.0
1041,5.0,5.0
1042,-2.0500000000000003,-16.400000000000002
1043,-3.0500000000000003,-24.400000000000002
1044,-2.0500000000000003,-16.400000000000002
1045,-2.0500000000000003,-16.400000000000002
1046,5.0,5.0
1047,1.7,6.8
1048,-2.0500000000000003,-16.400000000000002
1049,5.0,5.0
1050,5.0,5.0
1051,5.0,5.0
1052,-2.0500000000000003,-16.400000000000002
1053,1.55,7.75
1054,-2.0500000000000003,-16.400000000000002
1055,-2.0500000000000003,-16.400000000000002
1056,-2.0500000000000003,-16.400000000000002
1057,5.0,5.0
1058,1.95,5.85
1059,-2.0500000000000003,-16.400000000000002
1060,5.0,5.0
1061,-1.6749999999999998,-13.399999999999999
1062,-0.9249999999999999,-7.3999999999999995
1063,-3.0500000000000003,-24.400000000000002
1064,-2.0500000000000003,-16.400000000000002
1065,1.95,5.85
1066,5.0,5.0
1067,1.7,6.8
1068,-2.0500000000000003,-16.400000000000002
1069,-2.0500000000000003,-16.400000000000002
1070,-2.0500000000000003,-16.400000000000002
1071,-2.0500000000000003,-16.400000000000002
1072,1.45,8.7
1073,1.95,5.85
1074,-2.0500000000000003,-16.400000000000002
1075,1.95,5.85
1076,-3.0500000000000003,-24.400000000000002
1077,1.7,6.8
1078,1.95,5.85
1079,1.95,5.85
1080,1.3250000000000002,10.600000000000001
1081,-2.0500000000000003,-16.400000000000002
1082,1.55,7.75
1083,-2.0500000000000003,-16.400000000000002
1084,-3.0500000000000003,-24.400000000000002
1085,-2.0500000000000003,-16.400000000000002
1086,-2.0500000000000003,-16.400000000000002
1087,-1.6749999999999998,-13.399999999999999
1088,-3.0500000000000003,-24.400000000000002
1089,-2.0500000000000003,-16.400000000000002
1090,-2.0500000000000003,-16.400000000000002
1091,-2.0500000000000003,-16.400000000000002
1092,-2.0500000000000003,-16.400000000000002
1093,-2.0500000000000003,-16.400000000000002
1094,-2.0500000000000003,-16.400000000000002
1095,5.0,5.0
1096,-2.0500000000000003,-16.400000000000002
1097,-2.0500000000000003,-16.400000000000002
1098,-2.0500000000000003,-16.400000000000002
1099,0.5750000000000001,4.6000000000000005
1100,5.0,5.0
1101,-2.0500000000000003,-16.400000000000002
1102,1.7,6.8
1103,-3.0500000000000003,-24.400000000000002
1104,5.0,5.0
1105,1.7,6.8
1106,5.0,5.0
1107,1.55,7.75
1108,1.7,6.8
1109,-2.0500000000000003,-16.400000000000002
1110,-3.0500000000000003,-24.400000000000002
1111,-1.2999999999999998,-10.399999999999999
1112,1.95,5.85
1113,-2.0500000000000003,-16.400000000000002
1114,1.95,5.85
1115,-2.0500000000000003,-16.400000000000002
1116,-3.0500000000000003,-24.400000000000002
1117,5.0,5.0
1118,-2.0500000000000003,-16.400000000000002
1119,-2.0500000000000003,-16.400000000000002
1120,5.0,5.0
1121,-2.0500000000000003,-16.400000000000002
1122,-3.0500000000000003,-24.400000000000002
1123,5.0,5.0
1124,1.95,5.85
1125,5.0,5.0
1126,-2.0500000000000003,-16.400000000000002
1127,5.0,5.0
1128,-1.2999999999999998,-10.399999999999999
1129,-2.0500000000000003,-16.400000000000002
1130,-3.0500000000000003,-24.400000000000002
1131,1.95,5.85
1132,-2.0500000000000003,-16.400000000000002
1133,-2.0500000000000003,-16.400000000000002
1134,-2.0500000000000003,-16.400000000000002
1135,-1.6749999999999998,-13.399999999999999
1136,5.0,5.0
1137,-1.6749999999999998,-13.399999999999999
1138,-3.0500000000000003,-24.400000000000002
1139,1.95,5.85
1140,1.95,5.85
1141,-2.0500000000000003,-16.400000000000002
1142,1.95,5.85
1143,-2.0500000000000003,-16.400000000000002
1144,-2.0500000000000003,-16.400000000000002
1145,-2.0500000000000003,-16.400000000000002
1146,-2.0500000000000003,-16.400000000000002
1147,-2.0500000000000003,-16.400000000000002
1148,1.95,5.85
1149,-2.0500000000000003,-16.400000000000002
1150,1.7,6.8
1151,-3.0500000000000003,-24.400000000000002
1152,-2.0500000000000003,-16.400000000000002
1153,5.0,5.0
1154,-2.0500000000000003,-16.400000000000002
1155,-2.0500000000000003,-16.400000000000002
1156,1.3250000000000002,10.600000000000001
1157,-2.0500000000000003,-16.400000000000002
1158,-2.0500000000000003,-16.400000000000002
1159,-2.0500000000000003,-16.400000000000002
1160,-3.0500000000000003,-24.400000000000002
1161,-2.0500000000000003,-16.400000000000002
1162,-1.6749999999999998,-13.399999999999999
1163,-2.0500000000000003,-16.400000000000002
1164,-3.0500000000000003,-24.400000000000002
1165,-2.0500000000000003,-16.400000000000002
1166,-2.0500000000000003,-16.400000000000002
1167,5.0,5.0
1168,5.0,5.0
1169,-2.0500000000000003,-16.400000000000002
1170,1.95,5.85
1171,1.95,5.85
1172,5.0,5.0
1173,-2.0500000000000003,-16.400000000000002
1174,-2.0500000000000003,-16.400000000000002
1175,-2.0500000000000003,-16.400000000000002
1176,-3.0500000000000003,-24.400000000000002
1177,-2.0500000000000003,-16.400000000000002
1178,-0.9249999999999999,-7.3999999999999995
1179,-2.0500000000000003,-16.400000000000002
1180,1.7,6.8
1181,1.45,8.7
1182,-3.0500000000000003,-24.400000000000002
1183,-0.9249999999999999,-7.3999999999999995
1184,-3.0500000000000003,-24.400000000000002
1185,-1.2999999999999998,-10.399999999999999
1186,5.0,5.0
1187,1.95,5.85
1188,1.95,5.85
1189,-3.0500000000000003,-24.400000000000002
1190,5.0,5.0
1191,5.0,5.0
1192,-0.9249999999999999,-7.3999999999999995
1193,1.7,6.8
1194,1.7,6.8
1195,-3.0500000000000003,-24.400000000000002
1196,-2.0500000000000003,-16.400000000000002
1197,1.95,5.85
1198,-2.0500000000000003,-16.400000000000002
1199,-2.0500000000000003,-16.400000000000002
